{
    "PrevCompiledModules": {
        "...MASTER...": {
            "amcQw_d": {
                "bytes": 7494,
                "mod": "...MASTER...",
                "mode": 4,
                "out": "objs/amcQw_d.o",
                "checksum": 0
            }
        },
        "top": {
            "Emx8S_d": {
                "bytes": 29322,
                "mod": "top",
                "checksum": 0,
                "out": "Emx8S_d.o",
                "mode": 4,
                "archive": "archive.191/_20139_archive_1.a"
            }
        }
    },
    "SIMBData": {
        "out": "amcQwB.o",
        "bytes": 97096,
        "archive": "archive.191/_20139_archive_1.a",
        "text": 0
    },
    "stat": {
        "peak_mem_kb": 239104,
        "ru_self_cgstart": {
            "ru_nvcsw": 28,
            "ru_stime_sec": 0.041993000000000003,
            "ru_utime_sec": 0.096985000000000002,
            "ru_maxrss_kb": 70684,
            "ru_minflt": 24232,
            "ru_majflt": 0,
            "ru_nivcsw": 28
        },
        "outputSizePerQuad": 177.39971949509118,
        "ru_childs_cgstart": {
            "ru_nvcsw": 8,
            "ru_stime_sec": 0.018997,
            "ru_utime_sec": 0.0069979999999999999,
            "ru_maxrss_kb": 20728,
            "ru_minflt": 3762,
            "ru_majflt": 0,
            "ru_nivcsw": 22
        },
        "mopSpeed": 53763.918831818293,
        "totalObjSize": 126486,
        "CodeGen(%)": 30.201508967887438,
        "cpu_cycles_cgstart": 49320094557975194,
        "nMops": 2419,
        "ru_childs_end": {
            "ru_nvcsw": 9,
            "ru_stime_sec": 0.021996000000000002,
            "ru_utime_sec": 0.0079979999999999999,
            "ru_maxrss_kb": 22444,
            "ru_minflt": 4302,
            "ru_majflt": 0,
            "ru_nivcsw": 26
        },
        "nQuads": 713,
        "quadSpeed": 15846.909519258554,
        "mop/quad": 3.3927068723702667,
        "ru_self_end": {
            "ru_nvcsw": 29,
            "ru_stime_sec": 0.045992999999999999,
            "ru_utime_sec": 0.14097799999999999,
            "ru_maxrss_kb": 79256,
            "ru_minflt": 27363,
            "ru_majflt": 0,
            "ru_nivcsw": 35
        },
        "cpu_cycles_end": 49320094692861814,
        "cpu_cycles_total": 384261458,
        "Frontend(%)": 69.798491032112565,
        "realTime": 0.17087697982788086
    },
    "cycles_program_begin": 49320094308600356,
    "perf": [
        {
            "stat": [
                "main",
                "entry",
                0.023108005523681641,
                0.051991999999999997,
                0.023996,
                204420,
                204420,
                0.0,
                0.0,
                1622132499.105372,
                49320094308904808
            ],
            "sub": [
                {
                    "stat": [
                        "doParsingAndDesignResolution",
                        "entry",
                        0.038640975952148438,
                        0.063990000000000005,
                        0.025995999999999998,
                        223012,
                        223812,
                        0.0,
                        0.0,
                        1622132499.1209049,
                        49320094349361524
                    ],
                    "sub": []
                },
                {
                    "stat": [
                        "doParsingAndDesignResolution",
                        "exit",
                        0.047647953033447266,
                        0.068988999999999995,
                        0.029995000000000001,
                        223824,
                        224472,
                        0.0,
                        0.0,
                        1622132499.1299119,
                        49320094372663766
                    ],
                    "sub": []
                },
                {
                    "stat": [
                        "doPostDesignResolutionToVir2Vcs",
                        "entry",
                        0.047899961471557617,
                        0.068988999999999995,
                        0.029995000000000001,
                        223824,
                        224472,
                        0.0,
                        0.0,
                        1622132499.1301639,
                        49320094373311022
                    ],
                    "sub": [
                        {
                            "stat": [
                                "doUptoVir2VcsNoSepCleanup",
                                "entry",
                                0.050791025161743164,
                                0.071988999999999997,
                                0.029995000000000001,
                                225076,
                                225080,
                                0.0,
                                0.0,
                                1622132499.133055,
                                49320094380827974
                            ],
                            "sub": []
                        },
                        {
                            "stat": [
                                "doUptoVir2VcsNoSepCleanup",
                                "exit",
                                0.11398696899414062,
                                0.092984999999999998,
                                0.040993000000000002,
                                226748,
                                239104,
                                0.0069979999999999999,
                                0.018997,
                                1622132499.1962509,
                                49320094545150270
                            ],
                            "sub": []
                        },
                        {
                            "stat": [
                                "doRadify_vir2vcsAll",
                                "entry",
                                0.11406302452087402,
                                0.092984999999999998,
                                0.040993000000000002,
                                226748,
                                239104,
                                0.0069979999999999999,
                                0.018997,
                                1622132499.196327,
                                49320094545317218
                            ],
                            "sub": []
                        },
                        {
                            "stat": [
                                "doRadify_vir2vcsAll",
                                "exit",
                                0.11753106117248535,
                                0.095985000000000001,
                                0.041993000000000003,
                                227496,
                                239104,
                                0.0069979999999999999,
                                0.018997,
                                1622132499.199795,
                                49320094554357498
                            ],
                            "sub": []
                        }
                    ]
                },
                {
                    "stat": [
                        "doPostDesignResolutionToVir2Vcs",
                        "exit",
                        0.11757707595825195,
                        0.095985000000000001,
                        0.041993000000000003,
                        227496,
                        239104,
                        0.0069979999999999999,
                        0.018997,
                        1622132499.199841,
                        49320094554447898
                    ],