{
    "cycles_program_begin": 56445967260009208,
    "cpu_cycles_pass2_start": 56445967496666914,
    "perf": [
        {
            "stat": [
                "main",
                "entry",
                0.023250102996826172,
                0.045992999999999999,
                0.029995000000000001,
                204420,
                204420,
                0.0,
                0.0,
                1624873220.5224121,
                56445967260302904
            ],
            "sub": [
                {
                    "stat": [
                        "doParsingAndDesignResolution",
                        "entry",
                        0.037791967391967773,
                        0.055990999999999999,
                        0.032994000000000002,
                        223012,
                        223812,
                        0.0,
                        0.0,
                        1624873220.5369539,
                        56445967298063508
                    ],
                    "sub": []
                },
                {
                    "stat": [
                        "doParsingAndDesignResolution",
                        "exit",
                        0.044219017028808594,
                        0.057991000000000001,
                        0.035993999999999998,
                        223832,
                        224480,
                        0.0,
                        0.0,
                        1624873220.543381,
                        56445967314776392
                    ],
                    "sub": []
                },
                {
                    "stat": [
                        "doPostDesignResolutionToVir2Vcs",
                        "entry",
                        0.044496059417724609,
                        0.057991000000000001,
                        0.036993999999999999,
                        223832,
                        224480,
                        0.0,
                        0.0,
                        1624873220.543658,
                        56445967315520752
                    ],
                    "sub": [
                        {
                            "stat": [
                                "doUptoVir2VcsNoSepCleanup",
                                "entry",
                                0.047863006591796875,
                                0.060990000000000003,
                                0.036993999999999999,
                                225008,
                                225012,
                                0.0,
                                0.0,
                                1624873220.547025,
                                56445967324245340
                            ],
                            "sub": []
                        },
                        {
                            "stat": [
                                "doUptoVir2VcsNoSepCleanup",
                                "exit",
                                0.1093449592590332,
                                0.086985999999999994,
                                0.045992999999999999,
                                226760,
                                239116,
                                0.004999,
                                0.018997,
                                1624873220.6085069,
                                56445967484110830
                            ],
                            "sub": []
                        },
                        {
                            "stat": [
                                "doRadify_vir2vcsAll",
                                "entry",
                                0.10942792892456055,
                                0.087985999999999995,
                                0.045992999999999999,
                                226760,
                                239116,
                                0.004999,
                                0.018997,
                                1624873220.6085899,
                                56445967484298598
                            ],
                            "sub": []
                        },
                        {
                            "stat": [
                                "doRadify_vir2vcsAll",
                                "exit",
                                0.11280202865600586,
                                0.089985999999999997,
                                0.046991999999999999,
                                227124,
                                239116,
                                0.004999,
                                0.018997,
                                1624873220.611964,
                                56445967493092358
                            ],
                            "sub": []
                        }
                    ]
                },
                {
                    "stat": [
                        "doPostDesignResolutionToVir2Vcs",
                        "exit",
                        0.11284804344177246,
                        0.089985999999999997,
                        0.046991999999999999,
                        227124,
                        239116,
                        0.004999,
                        0.018997,
                        1624873220.61201,
                        56445967493182802
                    ],
                    "sub": []
                },
                {
                    "stat": [
                        "doGAToPass2",
                        "entry",
                        0.11288094520568848,
                        0.089985999999999997,
                        0.046991999999999999,
                        227124,
                        239116,
                        0.004999,
                        0.018997,
                        1624873220.6120429,
                        56445967493261698
                    ],
                    "sub": [
                        {
                            "stat": [
                                "DoPass2",
                                "entry",
                                0.11417603492736816,
                                0.089985999999999997,
                                0.047992,
                                225584,
                                239116,
                                0.004999,
                                0.018997,
                                1624873220.613338,
                                56445967496660914
                            ],
                            "sub": []
                        },
                        {
                            "stat": [
                                "DoPass2",
                                "exit",
                                0.16684412956237793,
                                0.13098000000000001,
                                0.055990999999999999,
                                233488,
                                239116,
                                0.004999,
                                0.021996000000000002,
                                1624873220.6660061,
                                56445967633598318
                            ],
                            "sub": []
                        }
                    ]
                },
                {
                    "stat": [
                        "doGAToPass2",
                        "exit",
                        0.16983795166015625,
                        0.13297900000000001,
                        0.056991,
                        233464,
                        239116,
                        0.004999,
                        0.021996000000000002,
                        1624873220.6689999,
                        56445967641385058
                    ],