{
    "cpu_cycles_pass2_start": 49258594152812002,
    "CompileProcesses": [
        "cgproc.13905.json"
    ],
    "cycles_program_begin": 49258593896398124,
    "perf": [
        {
            "stat": [
                "main",
                "entry",
                0.022974014282226562,
                0.041993000000000003,
                0.034993999999999997,
                204420,
                204420,
                0.0,
                0.0,
                1622108845.091604,
                49258593896692888
            ],
            "sub": [
                {
                    "stat": [
                        "doParsingAndDesignResolution",
                        "entry",
                        0.038423061370849609,
                        0.050992000000000003,
                        0.039993000000000001,
                        223012,
                        223812,
                        0.0,
                        0.0,
                        1622108845.107053,
                        49258593936926236
                    ],
                    "sub": []
                },
                {
                    "stat": [
                        "doParsingAndDesignResolution",
                        "exit",
                        0.048830032348632812,
                        0.059990000000000002,
                        0.040993000000000002,
                        223824,
                        224472,
                        0.0,
                        0.0,
                        1622108845.11746,
                        49258593963875790
                    ],
                    "sub": []
                },
                {
                    "stat": [
                        "doPostDesignResolutionToVir2Vcs",
                        "entry",
                        0.049125909805297852,
                        0.059990000000000002,
                        0.041993000000000003,
                        223824,
                        224472,
                        0.0,
                        0.0,
                        1622108845.1177559,
                        49258593964639426
                    ],
                    "sub": [
                        {
                            "stat": [
                                "doUptoVir2VcsNoSepCleanup",
                                "entry",
                                0.051984071731567383,
                                0.061990000000000003,
                                0.042993000000000003,
                                225076,
                                225080,
                                0.0,
                                0.0,
                                1622108845.1206141,
                                49258593972067578
                            ],
                            "sub": []
                        },
                        {
                            "stat": [
                                "doUptoVir2VcsNoSepCleanup",
                                "exit",
                                0.11655211448669434,
                                0.086985999999999994,
                                0.050992000000000003,
                                226748,
                                239104,
                                0.0089980000000000008,
                                0.015997000000000001,
                                1622108845.1851821,
                                49258594139959458
                            ],
                            "sub": []
                        },
                        {
                            "stat": [
                                "doRadify_vir2vcsAll",
                                "entry",
                                0.11662912368774414,
                                0.086985999999999994,
                                0.050992000000000003,
                                226748,
                                239104,
                                0.0089980000000000008,
                                0.015997000000000001,
                                1622108845.1852591,
                                49258594140127954
                            ],
                            "sub": []
                        },
                        {
                            "stat": [
                                "doRadify_vir2vcsAll",
                                "exit",
                                0.12010312080383301,
                                0.089985999999999997,
                                0.051991999999999997,
                                227504,
                                239104,
                                0.0089980000000000008,
                                0.015997000000000001,
                                1622108845.1887331,
                                49258594149188794
                            ],
                            "sub": []
                        }
                    ]
                },
                {
                    "stat": [
                        "doPostDesignResolutionToVir2Vcs",
                        "exit",
                        0.12015104293823242,
                        0.089985999999999997,
                        0.051991999999999997,
                        227504,
                        239104,
                        0.0089980000000000008,
                        0.015997000000000001,
                        1622108845.188781,
                        49258594149291602
                    ],
                    "sub": []
                },
                {
                    "stat": [
                        "doGAToPass2",
                        "entry",
                        0.12019109725952148,
                        0.089985999999999997,
                        0.051991999999999997,
                        227504,
                        239104,
                        0.0089980000000000008,
                        0.015997000000000001,
                        1622108845.1888211,
                        49258594149422182
                    ],
                    "sub": [
                        {
                            "stat": [
                                "DoPass2",
                                "entry",
                                0.12149810791015625,
                                0.089985999999999997,
                                0.052991000000000003,
                                225964,
                                239104,
                                0.0089980000000000008,
                                0.015997000000000001,
                                1622108845.1901281,
                                49258594152805898
                            ],
                            "sub": []
                        },
                        {
                            "stat": [
                                "DoPass2",
                                "exit",
                                0.15526890754699707,
                                0.109983,
                                0.062990000000000004,
                                230928,
                                239104,
                                0.0099979999999999999,
                                0.017996999999999999,
                                1622108845.2238989,
                                49258594240607338
                            ],