{
    "incremental": "on",
    "cycles_program_begin": 56446413427145340,
    "stat": {
        "cpu_cycles_end": 56446413813572562,
        "quadSpeed": 25395.168830039351,
        "realTime": 0.17183518409729004,
        "ru_self_cgstart": {
            "ru_utime_sec": 0.089985999999999997,
            "ru_nivcsw": 31,
            "ru_majflt": 0,
            "ru_minflt": 24342,
            "ru_stime_sec": 0.043992999999999997,
            "ru_maxrss_kb": 70456,
            "ru_nvcsw": 28
        },
        "ru_childs_cgstart": {
            "ru_utime_sec": 0.0099979999999999999,
            "ru_nivcsw": 23,
            "ru_majflt": 0,
            "ru_minflt": 3762,
            "ru_stime_sec": 0.016997000000000002,
            "ru_maxrss_kb": 20772,
            "ru_nvcsw": 7
        },
        "mop/quad": 2.9434931506849313,
        "peak_mem_kb": 239116,
        "ru_self_end": {
            "ru_utime_sec": 0.13397899999999999,
            "ru_nivcsw": 39,
            "ru_majflt": 0,
            "ru_minflt": 27675,
            "ru_stime_sec": 0.053990999999999997,
            "ru_maxrss_kb": 80324,
            "ru_nvcsw": 29
        },
        "cpu_cycles_cgstart": 56446413664084838,
        "ru_childs_end": {
            "ru_utime_sec": 0.011998,
            "ru_nivcsw": 27,
            "ru_majflt": 0,
            "ru_minflt": 4302,
            "ru_stime_sec": 0.018997,
            "ru_maxrss_kb": 22072,
            "ru_nvcsw": 8
        },
        "nMops": 3438,
        "totalObjSize": 137228,
        "nQuads": 1168,
        "cpu_cycles_total": 386427222,
        "mopSpeed": 74750.505511708296,
        "outputSizePerQuad": 117.48972602739725,
        "CodeGen(%)": 31.507018228899078,
        "Frontend(%)": 68.492981771100915
    },
    "perf": [
        {
            "sub": [
                {
                    "sub": [],
                    "stat": [
                        "doParsingAndDesignResolution",
                        "entry",
                        0.036530017852783203,
                        0.056991,
                        0.029995000000000001,
                        223012,
                        223812,
                        0.0,
                        0.0,
                        1624873392.1385219,
                        56446413461966396
                    ]
                },
                {
                    "sub": [],
                    "stat": [
                        "doParsingAndDesignResolution",
                        "exit",
                        0.043171167373657227,
                        0.060990000000000003,
                        0.032994000000000002,
                        223832,
                        224480,
                        0.0,
                        0.0,
                        1624873392.1451631,
                        56446413479239796
                    ]
                },
                {
                    "sub": [
                        {
                            "sub": [],
                            "stat": [
                                "doUptoVir2VcsNoSepCleanup",
                                "entry",
                                0.046755075454711914,
                                0.063990000000000005,
                                0.033994000000000003,
                                225008,
                                225012,
                                0.0,
                                0.0,
                                1624873392.148747,
                                56446413488550924
                            ]
                        },
                        {
                            "sub": [],
                            "stat": [
                                "doUptoVir2VcsNoSepCleanup",
                                "exit",
                                0.10941410064697266,
                                0.085986000000000007,
                                0.042993000000000003,
                                226760,
                                239116,
                                0.0099979999999999999,
                                0.016997000000000002,
                                1624873392.211406,
                                56446413651479222
                            ]
                        },
                        {
                            "sub": [],
                            "stat": [
                                "doRadify_vir2vcsAll",
                                "entry",
                                0.10949206352233887,
                                0.085986000000000007,
                                0.042993000000000003,
                                226760,
                                239116,
                                0.0099979999999999999,
                                0.016997000000000002,
                                1624873392.211484,
                                56446413651647538
                            ]
                        },
                        {
                            "sub": [],
                            "stat": [
                                "doRadify_vir2vcsAll",
                                "exit",
                                0.11285400390625,
                                0.088985999999999996,
                                0.043992999999999997,
                                227124,
                                239116,
                                0.0099979999999999999,
                                0.016997000000000002,
                                1624873392.2148459,
                                56446413660415774
                            ]
                        }
                    ],
                    "stat": [
                        "doPostDesignResolutionToVir2Vcs",
                        "entry",
                        0.043423175811767578,
                        0.060990000000000003,
                        0.032994000000000002,
                        223832,
                        224480,
                        0.0,
                        0.0,
                        1624873392.1454151,
                        56446413479886976
                    ]
                },
                {
                    "sub": [],
                    "stat": [
                        "doPostDesignResolutionToVir2Vcs",
                        "exit",
                        0.11290121078491211,
                        0.088985999999999996,
                        0.043992999999999997,
                        227124,
                        239116,
                        0.0099979999999999999,
                        0.016997000000000002,
                        1624873392.2148931,
                        56446413660507406
                    ]
                },
                {
                    "sub": [
                        {
                            "sub": [],
                            "stat": [
                                "DoPass2",
                                "entry",
                                0.11424422264099121,
                                0.089985999999999997,
                                0.043992999999999997,
                                225584,
                                239116,
                                0.0099979999999999999,
                                0.016997000000000002,
                                1624873392.2162361,
                                56446413664023518
                            ]
                        },
                        {
                            "sub": [],