{
    "Modules": {
        "...MASTER...": {
            "start_perf": [
                0.11816215515136719,
                0.083987000000000006,
                0.051991999999999997,
                225584,
                239180,
                1622180259.3010991,
                49444270770098500
            ],
            "nQuads": 0,
            "child_modules": {
                "top": 1
            },
            "end_perf": [
                0.12629413604736328,
                0.086985999999999994,
                0.052991000000000003,
                227400,
                239180,
                49444270791305172,
                0,
                0
            ],
            "nMops": 0,
            "nRouts": 5
        },
        "top": {
            "start_perf": [
                0.12645411491394043,
                0.086985999999999994,
                0.052991000000000003,
                227400,
                239180,
                1622180259.309391,
                49444270791692770
            ],
            "nQuads": 1426,
            "child_modules": {},
            "Compiled": "Yes",
            "Compiled Times": 170,
            "significant_routs": [
                [
                    5,
                    "R_VCSgd_Emx8S_5",
                    1937436,
                    1386,
                    211
                ],
                [
                    8,
                    "R_VCSgd_Emx8S_8",
                    1666112,
                    92,
                    11
                ],
                [
                    11,
                    "R_VCSgd_Emx8S_b",
                    1614576,
                    749,
                    100
                ],
                [
                    14,
                    "R_VCSgd_Emx8S_e",
                    1575608,
                    585,
                    119
                ],
                [
                    30,
                    "R_VCSgd_Emx8S_1e",
                    1674840,
                    740,
                    139
                ],
                [
                    32,
                    "R_VCSgd_Emx8S_20",
                    4438840,
                    2395,
                    600
                ],
                [
                    33,
                    "R_VCSgd_Emx8S_21",
                    3395240,
                    1906,
                    413
                ],
                [
                    45,
                    "R_VCSgd_Emx8S_2d",
                    1261160,
                    533,
                    88
                ]
            ],
            "end_perf": [
                0.16800713539123535,
                0.12598000000000001,
                0.055990999999999999,
                233600,
                239180,
                49444270899714880,
                3858835869902,
                0
            ],
            "nMops": 4838,
            "nRouts": 51
        }
    },
    "CompUnits": {
        "Emx8S_d": {
            "mode": 4,
            "mod": "top",
            "out": "Emx8S_d.o",
            "archive": "archive.193/_2196_archive_1.a",
            "text": 13790,
            "bytes": 29344,
            "checksum": 0
        }
    },
    "ObjArchives": [
        {
            "archive": "archive.193/_2196_archive_1.a",
            "objects": [
                [
                    "Emx8S_d.o",
                    29344
                ],
                [
                    "amcQwB.o",
                    97018
                ]
            ],
            "size": 126362
        }
    ],
    "reusePaths": {
        "amcQw_d": {
            "icPath": "csrc"
        }
    },
    "stat": {
        "ru_self_end": {
            "ru_nivcsw": 35,
            "ru_majflt": 0,
            "ru_maxrss_kb": 79252,
            "ru_utime_sec": 0.12898000000000001,
            "ru_stime_sec": 0.056991,
            "ru_minflt": 27358,
            "ru_nvcsw": 29
        },
        "ru_childs_end": {
            "ru_nivcsw": 26,
            "ru_majflt": 0,
            "ru_maxrss_kb": 22048,
            "ru_utime_sec": 0.010998000000000001,
            "ru_stime_sec": 0.016997000000000002,
            "ru_minflt": 4302,
            "ru_nvcsw": 9
        },
        "cpu_cycles_end": 49444270911246136,
        "peak_mem_kb": 239180
    }
}