{
    "Modules": {
        "...MASTER...": {
            "nMops": 0,
            "nQuads": 0,
            "start_perf": [
                0.12159991264343262,
                0.089985999999999997,
                0.052991000000000003,
                225964,
                239104,
                1622108845.1902299,
                49258594153048594
            ],
            "child_modules": {
                "top": 1
            },
            "end_perf": [
                0.12971091270446777,
                0.089985999999999997,
                0.056991,
                227384,
                239104,
                49258594174219424,
                0,
                0
            ],
            "nRouts": 5
        },
        "top": {
            "nMops": 2321,
            "nQuads": 692,
            "start_perf": [
                0.12988805770874023,
                0.089985999999999997,
                0.056991,
                227384,
                239104,
                1622108845.198518,
                49258594174714354
            ],
            "child_modules": {},
            "Compiled": "Yes",
            "nRouts": 50,
            "Compiled Times": 166,
            "end_perf": [
                0.15381813049316406,
                0.107983,
                0.062990000000000004,
                229944,
                239104,
                49258594236834518,
                3858835869902,
                0
            ]
        }
    },
    "reusePaths": {
        "amcQw_d": {
            "icPath": "csrc"
        },
        "Emx8S_d": {
            "icPath": "csrc"
        }
    },
    "CompUnits": {},
    "ObjArchives": [
        {
            "archive": "archive.189/_13905_archive_1.a",
            "size": 97016,
            "objects": [
                [
                    "amcQwB.o",
                    97016
                ]
            ]
        }
    ],
    "stat": {
        "ru_self_end": {
            "ru_nivcsw": 30,
            "ru_stime_sec": 0.062990000000000004,
            "ru_utime_sec": 0.112982,
            "ru_maxrss_kb": 78020,
            "ru_minflt": 27009,
            "ru_majflt": 0,
            "ru_nvcsw": 29
        },
        "peak_mem_kb": 239104,
        "ru_childs_end": {
            "ru_nivcsw": 25,
            "ru_stime_sec": 0.017996999999999999,
            "ru_utime_sec": 0.0099979999999999999,
            "ru_maxrss_kb": 22436,
            "ru_minflt": 4302,
            "ru_majflt": 0,
            "ru_nvcsw": 8
        },
        "cpu_cycles_end": 49258594248876258
    }
}