{
    "Modules": {
        "...MASTER...": {
            "nRouts": 5,
            "start_perf": [
                0.11575198173522949,
                0.091985999999999998,
                0.050992000000000003,
                225976,
                239180,
                1622133900.364176,
                49323737580324700
            ],
            "child_modules": {
                "top": 1
            },
            "nQuads": 0,
            "end_perf": [
                0.12290596961975098,
                0.092984999999999998,
                0.052991000000000003,
                227400,
                239180,
                49323737598944568,
                0,
                0
            ],
            "nMops": 0
        },
        "top": {
            "start_perf": [
                0.12301993370056152,
                0.092984999999999998,
                0.052991000000000003,
                227400,
                239180,
                1622133900.371444,
                49323737599221892
            ],
            "child_modules": {},
            "nMops": 4838,
            "Compiled": "Yes",
            "Compiled Times": 169,
            "significant_routs": [
                [
                    5,
                    "R_VCSgd_Emx8S_5",
                    1956168,
                    1386,
                    211
                ],
                [
                    8,
                    "R_VCSgd_Emx8S_8",
                    1705648,
                    92,
                    11
                ],
                [
                    11,
                    "R_VCSgd_Emx8S_b",
                    1615072,
                    749,
                    100
                ],
                [
                    14,
                    "R_VCSgd_Emx8S_e",
                    1577792,
                    585,
                    119
                ],
                [
                    30,
                    "R_VCSgd_Emx8S_1e",
                    1689260,
                    740,
                    139
                ],
                [
                    32,
                    "R_VCSgd_Emx8S_20",
                    4490892,
                    2395,
                    600
                ],
                [
                    33,
                    "R_VCSgd_Emx8S_21",
                    3372128,
                    1906,
                    413
                ],
                [
                    45,
                    "R_VCSgd_Emx8S_2d",
                    1257768,
                    533,
                    88
                ]
            ],
            "nQuads": 1426,
            "end_perf": [
                0.16256999969482422,
                0.12898000000000001,
                0.056991,
                233600,
                239180,
                49323737702073022,
                3858835869902,
                0
            ],
            "nRouts": 51
        }
    },
    "stat": {
        "peak_mem_kb": 239180,
        "ru_self_end": {
            "ru_utime_sec": 0.13297900000000001,
            "ru_nivcsw": 36,
            "ru_minflt": 27516,
            "ru_stime_sec": 0.056991,
            "ru_maxrss_kb": 79260,
            "ru_majflt": 0,
            "ru_nvcsw": 30
        },
        "ru_childs_end": {
            "ru_utime_sec": 0.0079979999999999999,
            "ru_nivcsw": 26,
            "ru_minflt": 4302,
            "ru_stime_sec": 0.019996,
            "ru_maxrss_kb": 22436,
            "ru_majflt": 0,
            "ru_nvcsw": 9
        },
        "cpu_cycles_end": 49323737713720854
    },
    "CompUnits": {
        "Emx8S_d": {
            "mode": 4,
            "bytes": 29398,
            "mod": "top",
            "out": "Emx8S_d.o",
            "text": 13790,
            "checksum": 0,
            "archive": "archive.192/_30670_archive_1.a"
        }
    },
    "ObjArchives": [
        {
            "archive": "archive.192/_30670_archive_1.a",
            "objects": [
                [
                    "Emx8S_d.o",
                    29398
                ],
                [
                    "amcQwB.o",
                    97096
                ]
            ],
            "size": 126494
        }
    ],
    "reusePaths": {
        "amcQw_d": {
            "icPath": "csrc"
        }
    }
}